"country_name","location_name","service_point_name","lat","lng"
"Rwanda","Gihembe Camp","Dentistry/Mental health Gihembe",-1.5800416,30.0676606
"Rwanda","Gihembe Camp","Door to Door Gihembe Camp _ Health Care",-1.5969325,30.0766337
"Rwanda","Gihembe Camp","Gihembe Camp: Protection Pulse",-1.5969325,30.0766337
"Rwanda","Gihembe Camp","Gihembe Camp: WASH Pulse",-1.5969325,30.0766337
"Rwanda","Gihembe Camp","HIV/ANC Gihembe health center",-1.5969325,30.0766337
"Rwanda","Gihembe Camp","Immunization Gihembe health center",-1.5969325,30.0766337
"Rwanda","Gihembe Camp","IPD Gihembe health center",-1.5969325,30.0766337
"Rwanda","Gihembe Camp","Maternity/FP/PNC Health center",-1.5969325,30.0766337
"Rwanda","Gihembe Camp","Minor surgery Gihembe health center",-1.5952358,30.2597407
"Rwanda","Gihembe Camp","Nutrition Gihembe healthcare",-1.5969325,30.0766337
"Rwanda","Gihembe Camp","OPD Gihembe Health center",-1.5969325,30.0766337
"Rwanda","Gihembe Camp","Quarter 1 - Water Point 1",-1.5969325,30.0766337
"Rwanda","Gihembe Camp","Quarter 10 - Water Kiosk 1",-1.5969325,30.0766337
"Rwanda","Gihembe Camp","Quarter 10 - Water Kiosk 2",-1.5969325,30.0766337
"Rwanda","Gihembe Camp","Quarter 10- Water Point  1",-1.5969325,30.0766337
"Rwanda","Gihembe Camp","Quarter 11 - Water Kiosk 1",-1.5969325,30.0766337
"Rwanda","Gihembe Camp","Quarter 11 - Water Kiosk 2",-1.5969325,30.0766337
"Rwanda","Gihembe Camp","Quarter 11 - Water Point 1",-1.5969325,30.0766337
"Rwanda","Gihembe Camp","Quarter 12 - Water Kiosk 1",-1.5969325,30.0766337
"Rwanda","Gihembe Camp","Quarter 12 - Water Kiosk 2",-1.5969325,30.0766337
"Rwanda","Gihembe Camp","Quarter 12- Water Point  1",-1.5969325,30.0766337
"Rwanda","Gihembe Camp","Quarter 2 - Water Kiosk 1",-1.5969325,30.0766337
"Rwanda","Gihembe Camp","Quarter 2 - Water Kiosk 2",-1.5969325,30.0766337
"Rwanda","Gihembe Camp","Quarter 3 - Water Kiosk 1",-1.5969325,30.0766337
"Rwanda","Gihembe Camp","Quarter 3 - Water Point 1",-1.5969325,30.0766337
"Rwanda","Gihembe Camp","Quarter 4 - Water Kiosk 1",-1.5969325,30.0766337
"Rwanda","Gihembe Camp","Quarter 5 - Water Kiosk 1",-1.5969325,30.0766337
"Rwanda","Gihembe Camp","Quarter 5 - Water Kiosk 2",-1.5969325,30.0766337
"Rwanda","Gihembe Camp","Quarter 5 - Water Kiosk 3",-1.5969325,30.0766337
"Rwanda","Gihembe Camp","Quarter 5 - Water Kiosk 4",-1.5969325,30.0766337
"Rwanda","Gihembe Camp","Quarter 5 - Water Point 1",-1.5969325,30.0766337
"Rwanda","Gihembe Camp","Quarter 6 - Water Kiosk 1",-1.5969325,30.0766337
"Rwanda","Gihembe Camp","Quarter 6 - Water Kiosk 2",-1.5969325,30.0766337
"Rwanda","Gihembe Camp","Quarter 7 - Water Kiosk 1",-1.5969325,30.0766337
"Rwanda","Gihembe Camp","Quarter 7 - Water Kiosk 2",-1.5969325,30.0766337
"Rwanda","Gihembe Camp","Quarter 7 - Water Point 1",-1.5969325,30.0766337
"Rwanda","Gihembe Camp","Quarter 8 - Water Kiosk 1",-1.5969325,30.0766337
"Rwanda","Gihembe Camp","Quarter 8 - Water Kiosk 2",-1.5969325,30.0766337
"Rwanda","Gihembe Camp","Quarter 9 - Water Kiosk 1",-1.5969325,30.0766337
"Rwanda","Gihembe Camp","Quarter 9 - Water Kiosk 2",-1.5969325,30.0766337
"Rwanda","Gihembe Camp","Quarter 9 - Water Kiosk 3",-1.5969325,30.0766337
"Rwanda","Gihembe Camp","Quarter 9 - Water Kiosk 4",-1.5969325,30.0766337
"Rwanda","Gihembe Camp","Self-swipe Immunization Gihembe",-1.5969325,30.0766337
"Rwanda","Gihembe Camp","Self-swipe OPD Gihembe",-1.5969325,30.0766337
"Rwanda","Kiziba Camp","Kiziba Camp: Protection Pulse",-2.1322104,29.3557554
"Rwanda","Kiziba Camp","Kiziba Camp: WASH Pulse",-2.1322104,29.3557554
"Rwanda","Kiziba Camp","Mwangaza",-2.1322104,29.3557554
"Rwanda","Kiziba Camp","Q1 Water Point 1",-2.1322104,29.3557554
"Rwanda","Kiziba Camp","Q1 Water Point 2",-2.1322104,29.3557554
"Rwanda","Kiziba Camp","Q1 Water point 3",-2.1322104,29.3557554
"Rwanda","Kiziba Camp","Q10 water Point 1",-2.1322104,29.3557554
"Rwanda","Kiziba Camp","Q10 Water Point 2",-2.1322104,29.3557554
"Rwanda","Kiziba Camp","Q10 Water Point 3",-2.1322104,29.3557554
"Rwanda","Kiziba Camp","Q10 Water Point 4",-2.1322104,29.3557554
"Rwanda","Kiziba Camp","Q10 Water Point 5",-2.1322104,29.3557554
"Rwanda","Kiziba Camp","Q10 Water Point 6",-2.1322104,29.3557554
"Rwanda","Kiziba Camp","Q2 Water Point 1",-2.1322104,29.3557554
"Rwanda","Kiziba Camp","Q2 Water Point 2",-2.1322104,29.3557554
"Rwanda","Kiziba Camp","Q2 Water Point 3",-2.1322104,29.3557554
"Rwanda","Kiziba Camp","Q2 Water Point 4",-2.1322104,29.3557554
"Rwanda","Kiziba Camp","Q2 Water Point 5",-2.1322104,29.3557554
"Rwanda","Kiziba Camp","Q2 Water Point 6",-2.1322104,29.3557554
"Rwanda","Kiziba Camp","Q3 Water Point 1",-2.1322104,29.3557554
"Rwanda","Kiziba Camp","Q3 Water Point 2",-2.1322104,29.3557554
"Rwanda","Kiziba Camp","Q3 Water Point 3",-2.1322104,29.3557554
"Rwanda","Kiziba Camp","Q3 Water Point 4",-2.1322104,29.3557554
"Rwanda","Kiziba Camp","Q4 Water Point 1",-2.1322104,29.3557554
"Rwanda","Kiziba Camp","Q5 Water Point 1",-2.1322104,29.3557554
"Rwanda","Kiziba Camp","Q5 Water Point 2",-2.1322104,29.3557554
"Rwanda","Kiziba Camp","Q5 Water Point 3",-2.1322104,29.3557554
"Rwanda","Kiziba Camp","Q5 Water Point 4",-2.1322104,29.3557554
"Rwanda","Kiziba Camp","Q6 Water Point 1",-2.1322104,29.3557554
"Rwanda","Kiziba Camp","Q6 Water Point 2",-2.1322104,29.3557554
"Rwanda","Kiziba Camp","Q6 Water Point 3",-2.1322104,29.3557554
"Rwanda","Kiziba Camp","Q6 Water Point 4",-2.1322104,29.3557554
"Rwanda","Kiziba Camp","Q6 Water Point 5",-2.1322104,29.3557554
"Rwanda","Kiziba Camp","Q6 Water Point 6",-2.1322104,29.3557554
"Rwanda","Kiziba Camp","Q7 Water Point 1",-2.1322104,29.3557554
"Rwanda","Kiziba Camp","Q7 Water Point 2",-2.1322104,29.3557554
"Rwanda","Kiziba Camp","Q7 Water Point 3",-2.1322104,29.3557554
"Rwanda","Kiziba Camp","Q7 Water Point 4",-2.1322104,29.3557554
"Rwanda","Kiziba Camp","Q7 Water Point 5",-2.1322104,29.3557554
"Rwanda","Kiziba Camp","Q8 Water Point 1",-2.1322104,29.3557554
"Rwanda","Kiziba Camp","Q8 Water Point 2",-2.1322104,29.3557554
"Rwanda","Kiziba Camp","Q8 Water Point 3",-2.1322104,29.3557554
"Rwanda","Kiziba Camp","Q8 Water Point 4",-2.1322104,29.3557554
"Rwanda","Kiziba Camp","Q9 Water Point 1",-2.1322104,29.3557554
"Rwanda","Kiziba Camp","Q9 Water Point 2",-2.1322104,29.3557554
"Rwanda","Kiziba Camp","Q9 water Point 3",-2.1322104,29.3557554
"Rwanda","Kiziba Camp","Q9 water Point 4",-2.1322104,29.3557554
"Rwanda","Mahama camp","ANC/HIV - Mahama 1 Health Center",-2.3118635,30.842508
"Rwanda","Mahama camp","Community Pulse: Mahama camp",-2.3118635,30.842508
"Rwanda","Mahama camp","Door to Door-HealthCare-Mahama",-2.3118635,30.842508
"Rwanda","Mahama camp","Door to Door-Nutrion-Mahama",-2.3118635,30.842508
"Rwanda","Mahama camp","Immunization - Mahama 1 Health Center",-2.3118635,30.842508
"Rwanda","Mahama camp","IPD - Mahama 1 Health Center",-2.3118635,30.842508
"Rwanda","Mahama camp","Maternity - Mahama 1 Health Center",-2.3118635,30.842508
"Rwanda","Mahama camp","Mental Health - Mahama 1 Health Center",-2.3118635,30.842508
"Rwanda","Mahama camp","Nutrition - Mahama 1 Health Center",-2.3118635,30.842508
"Rwanda","Mahama camp","OPD - Mahama 1 Health Center",-2.3118635,30.842508
"Rwanda","Mahama camp","Self Swipe Mahama Nutrition Center",-2.3118635,30.842508
"Rwanda","Mahama camp","Self Swipe Mahama Youth Friendly Space(YFS)",-1.9457717,30.1035979
"Rwanda","Mahama camp","Self-swipe Community kitchen 2 Nutrition",-2.3118635,30.842508
"Rwanda","Mahama camp","Self-swipe Community kitchen 3 Nutrition",-2.3118635,30.842508
"Rwanda","Mahama camp","Self-swipe Community kitchen 4 Nutrition",-2.3118635,30.842508
"Rwanda","Mahama camp","Self-swipe Community kitchen 6 Nutrition",-2.3118635,30.842508
"Rwanda","Mahama camp","Self-swipe Community kitchen 8 Nutrition",-2.3118635,30.842508
"Rwanda","Mahama camp","Self-swipe Community kitchen 9 Nutrition",-2.3118635,30.842508
"Rwanda","Mahama camp","Self-swipe Immunization Healthcare",-2.3118635,30.842508
"Rwanda","Mahama camp","UNHCR Kigali Meeting",-1.935245,30.0992557
"Rwanda","Mahama camp","Youth Health - Mahama 1 Health Center",-2.3118635,30.842508
"Rwanda","Nyabiheke camp","ANC/PMTCT/HIV - Nyabiheke Health Centre",-1.5952358,30.2597407
"Rwanda","Nyabiheke camp","Dental & Minor Surgery",-1.5952358,30.2597407
"Rwanda","Nyabiheke camp","Door to Door_Nyabiheke_HealthCare",-1.5952358,30.2597407
"Rwanda","Nyabiheke camp","Immunization - Nyabiheke Health Center",-1.5952358,30.2597407
"Rwanda","Nyabiheke camp","IPD - Nyabiheke Health Center",-1.5952358,30.2597407
"Rwanda","Nyabiheke camp","Maternity and Family Planning",-1.5952358,30.2597407
"Rwanda","Nyabiheke camp","Nutrition - Nyabiheke Health Center",-1.5952358,30.2597407
"Rwanda","Nyabiheke camp","Nyabiheke Camp: Protection Pulse",-1.5952358,30.2597407
"Rwanda","Nyabiheke camp","Nyabiheke Camp: WASH Pulse",-1.5952358,30.2597407
"Rwanda","Nyabiheke camp","OPD - Nyabiheke Health Center",-1.5952358,30.2597407
"Rwanda","Nyabiheke camp","Quarter 1 - Water Kiosk",-1.5952358,30.2597407
"Rwanda","Nyabiheke camp","Quarter 1 - Water Point 1",-1.5952358,30.2597407
"Rwanda","Nyabiheke camp","Quarter 1 - Water Point 2",-1.5952358,30.2597407
"Rwanda","Nyabiheke camp","Quarter 1 - Water Point 3",-1.5952358,30.2597407
"Rwanda","Nyabiheke camp","Quarter 2 - Water point 1",-1.5952358,30.2597407
"Rwanda","Nyabiheke camp","Quarter 2 - Water Point 2",-1.5952358,30.2597407
"Rwanda","Nyabiheke camp","Quarter 3 - Water Kiosk",-1.5952358,30.2597407
"Rwanda","Nyabiheke camp","Quarter 3 - Water Point 1",-1.5952358,30.2597407
"Rwanda","Nyabiheke camp","Quarter 3 - Water Point 2",-1.5952358,30.2597407
"Rwanda","Nyabiheke camp","Quarter 4 - Water Kiosk",-1.5952358,30.2597407
"Rwanda","Nyabiheke camp","Quarter 4 - Water Point 1",-1.5952358,30.2597407
"Rwanda","Nyabiheke camp","Quarter 4 - Water Point 2",-1.5952358,30.2597407
"Rwanda","Nyabiheke camp","Quarter 4 - Water Point 3",-1.5952358,30.2597407
"Rwanda","Nyabiheke camp","Quarter 5 - Water Point 1",-1.5952358,30.2597407
"Rwanda","Nyabiheke camp","Quarter 6 - Water Kiosk",-1.5952358,30.2597407
"Rwanda","Nyabiheke camp","Quarter 6 - Water Point 1",-1.5952358,30.2597407
"Rwanda","Nyabiheke camp","Quarter 7 - Water Kiosk",-1.5952358,30.2597407
"Rwanda","Nyabiheke camp","Quarter 7 - Water Point 1",-1.5952358,30.2597407
"Rwanda","Nyabiheke camp","Quarter 7 - Water Point 2",-1.5952358,30.2597407
"Rwanda","Nyabiheke camp","Quarter 7 - Water Point 3",-1.5952358,30.2597407
"Rwanda","Nyabiheke camp","Quarter 8 - Water Kiosk",-1.5952358,30.2597407
"Rwanda","Nyabiheke camp","Quarter 8 - Water Point 1",-1.5952358,30.2597407
"Rwanda","Nyabiheke camp","Quarter 8 - Water Point 2",-1.5952358,30.2597407
"Rwanda","Nyabiheke camp","Quarter 8 - Water Point 3",-1.5952358,30.2597407
"Rwanda","Nyabiheke camp","Quarter 8 - Water Point 4",-1.5952358,30.2597407
"Somalia","ARC Kismayo","ANC/PMC - MCH Mahfalka",-1.2588614,36.7684132
"Somalia","ARC Kismayo","ARC Group Activity - Protection",-0.3560455,42.5460573
"Somalia","ARC Kismayo","ARC Group Activity - W.A.S.H.",-0.3560455,42.5460573
"Somalia","ARC Kismayo","Ba'ad Camp",-0.3560455,42.5460573
"Somalia","ARC Kismayo","Camp Burgan",-1.2514681,36.79771495
"Somalia","ARC Kismayo","Camp Halane",-0.3560455,42.5460573
"Somalia","ARC Kismayo","Camp Lafole",-1.2588614,36.7960955
"Somalia","ARC Kismayo","Camp Najah",-0.3560455,42.5460573
"Somalia","ARC Kismayo","Camp Tawakal I",-0.3560455,42.5460573
"Somalia","ARC Kismayo","Camp Tawakal II",-0.3560455,42.5460573
"Somalia","ARC Kismayo","Camp Tawfik",-0.3560455,42.5460573
"Somalia","ARC Kismayo","Community Outreach Service - MCH Bulo Abliko",-1.2588614,36.7949053
"Somalia","ARC Kismayo","Community Outreach Service - MCH Sinai",40.791484,-73.9520122
"Somalia","ARC Kismayo","Community Pulse - Dalxiis",-0.3560455,42.5460573
"Somalia","ARC Kismayo","Community Pulse : ARC Kismayo",1.9831966,40.7969149
"Somalia","ARC Kismayo","Community Pulse: Kismayo - Phone Calling",1.9831966,40.7969149
"Somalia","ARC Kismayo","General consultations - MCH Bulo Abliko",-0.3560455,42.5460573
"Somalia","ARC Kismayo","General consultations - MCH Sinai",0.4933614,33.1601159
"Somalia","ARC Kismayo","Hamdi 3 Camp",-0.3560455,42.5460573
"Somalia","ARC Kismayo","Huriyo Camp",-1.26692165,36.762245
"Somalia","ARC Kismayo","Hygiene & Sanitation",-1.2440748,36.7684132
"Somalia","ARC Kismayo","Immunization Service - MCH Bulo Abliko",-0.3560455,42.5460573
"Somalia","ARC Kismayo","Immunization Service - MCH Sinai",0.4933614,33.1601159
"Somalia","ARC Kismayo","Kismayo: Education Pulse",-0.3571908,42.5453377
"Somalia","ARC Kismayo","Kismayo: HealthCare Pulse",1.9831966,40.7969149
"Somalia","ARC Kismayo","Kismayo: Livelihoods Pulse",2.0055967,45.2912296
"Somalia","ARC Kismayo","Kismayo: Nutrition Pulse",1.9831966,40.7969149
"Somalia","ARC Kismayo","Kismayo: Protection Pulse",1.9831966,40.7969149
"Somalia","ARC Kismayo","Kismayo: Shelter Pulse",0.38076095,41.0298214
"Somalia","ARC Kismayo","Kismayo: WASH Pulse",-1.2440748,36.8147383
"Somalia","ARC Kismayo","Marternity - MCH Mahfalka",-1.2588614,36.7684132
"Somalia","ARC Kismayo","MCH Bulo Abliko",-0.3560455,42.5460573
"Somalia","ARC Kismayo","MCH Mahfalka",-1.2588614,36.7684132
"Somalia","ARC Kismayo","MCH Midnimo - 100 Houses",-0.3560455,42.5460573
"Somalia","ARC Kismayo","MCH Sinai",0.4933614,33.1601159
"Somalia","ARC Kismayo","Nutrition - MCH Bulo Abliko",-0.3560455,42.5460573
"Somalia","ARC Kismayo","Over 5 year Old Consultations - MCH Mahfalka",-1.2588614,36.7684132
"Somalia","ARC Kismayo","Pharmacy - MCH Mahfalka",-1.2588614,36.7684132
"Somalia","ARC Kismayo","Pharmacy MCH Bulo Abliko",-0.3560455,42.5460573
"Somalia","ARC Kismayo","Reproductive Health Service - MCH Bulo Abliko",-0.3560455,42.5460573
"Somalia","ARC Kismayo","Reproductive Health Service - MCH Sinai",0.4933614,33.1601159
"Somalia","ARC Kismayo","Self-Swipe ARC Group Activity - Protection",-0.3560455,42.5460573
"Somalia","ARC Kismayo","Self-Swipe Kismayo Youth Centre",1.9831966,40.7969149
"Somalia","ARC Kismayo","Self-Swipe MCH Bulo Abliko Kismayo",-0.3560455,42.5460573
"Somalia","ARC Kismayo","Shelter: 100 Houses",-0.3560455,42.5460573
"Somalia","ARC Kismayo","Soya Camp",-0.3782816,42.4614739
"Somalia","ARC Kismayo","Under 5 Consultations - MCH Mahfalka",-1.2588614,36.7684132
"Somalia","ARC Kismayo","Water Point - Shelter: 100 Houses",-0.3560455,42.5460573
"Somalia","ARC Kismayo","Youth Centre",-0.3560455,42.5460573
"Somalia","Dhobley","Community Pulse: Dhobley - Phone Calling",0.4135438,41.0032199
"Somalia","Dhobley","Dhobley: Education Pulse",0.4135438,41.0032199
"Somalia","Dhobley","Dhobley: Healthcare Pulse",0.4135438,41.0032199
"Somalia","Dhobley","Dhobley: Livelihood Pulse",0.4135438,41.0032199
"Somalia","Dhobley","Dhobley: Nutrition Pulse",0.4135438,41.0032199
"Somalia","Dhobley","Dhobley: Protection Pulse",0.4135438,41.0032199
"Somalia","Dhobley","Dhobley: Shelter Pulse",0.4135438,41.0032199
"Somalia","Dhobley","Dhobley: WASH Pulse",0.4135438,41.0032199
"Somalia","Laas Caanood","ARC Laas Caanood Mobile Team 1",8.475987,47.3657603
"Somalia","Laas Caanood","ARC Laas Caanood Mobile Team 2",8.475987,47.3657603
"Somalia","Laas Caanood","Community outreach Karin Dabeylweyn MCH",8.475987,47.3657603
"Somalia","Laas Caanood","Community outreach MCH Gambadhe",8.47541145,47.36028245
"Somalia","Laas Caanood","Community Pulse - Gambadhe",8.475987,47.3657603
"Somalia","Laas Caanood","Community Pulse - Karin Dabayl Wein",8.475987,47.3657603
"Somalia","Laas Caanood","Community Pulse: Laascaanood - Phone Calling",8.4633333,47.3619444
"Somalia","Laas Caanood","Delivery Room",8.475987,47.3657603
"Somalia","Laas Caanood","Delivery room Karin Dabeylweyn MCH",8.475987,47.3657603
"Somalia","Laas Caanood","Emergency room Gambadhe MCH",8.47661015,47.3574405
"Somalia","Laas Caanood","EPI and Nutrition/OTP",8.475987,47.3657603
"Somalia","Laas Caanood","EPI/ Growth monitoring Karin Dabeylweyn MCH",8.475987,47.3657603
"Somalia","Laas Caanood","Gambadhe MCH",8.475987,47.3657603
"Somalia","Laas Caanood","Karin Dabeylweyn MCH",8.475987,47.3657603
"Somalia","Laas Caanood","Laas Caanood : Group Activities - Protection",8.475987,47.3657603
"Somalia","Laas Caanood","Laas Caanood : Group Activities - WASH",7.8788954,47.36288045
"Somalia","Laas Caanood","Laas Caanood: Education Pulse",8.4748317,47.36220245
"Somalia","Laas Caanood","Laas caanood: Healthcare Pulse",8.475987,47.3657603
"Somalia","Laas Caanood","Laas caanood: Livelihood Pulse",8.4714255,47.3631844
"Somalia","Laas Caanood","Laas caanood: Nutrition Pulse",8.475987,47.3657603
"Somalia","Laas Caanood","Laas Caanood: Protection Pulse",8.475987,47.3657603
"Somalia","Laas Caanood","Laas caanood: Shelter Pulse",8.47541145,47.35949005
"Somalia","Laas Caanood","Laas caanood: WASH Pulse",7.8788954,47.36288045
"Somalia","Laas Caanood","Main entrance",8.475987,47.3657603
"Somalia","Laas Caanood","OPD/ Under 5 Room",8.47758785,47.35850115
"Somalia","Laas Caanood","Over 5 and ANC/PNC Delivery",8.4767392,47.36359575
"Somalia","Laas Caanood","Over 5/ ANC/PNC and Delivery room Karin Dabeylweyn MCH",8.475987,47.3657603
"Somalia","Laas Caanood","Pharmacy Gambadhe MCH",8.475987,47.3657603
"Somalia","Laas Caanood","Pharmacy Karin Dabeylweyn MCH",8.475987,47.3657603
"Somalia","Laas Caanood","Ward",8.475987,47.3657603
"Somalia","Laas Caanood","Ward room Karin Dabeylweyn MCH",8.475987,47.3657603
"Sudan","Kalma Camp","Kalma Sector 4 B Water Station",12.0755817,24.8854515
"Sudan","Kalma Camp","Kalma Sector 6 Health Center",12.0755817,24.8854515
"Sudan","Kalma Camp","Kalma Sector 8 Health Center",12.0755817,24.8854515
"Sudan","Kalma Camp","Kuja Kuja Presentation in Nyala",12.0755817,24.8854515
"Uganda","Bidi Bidi Zone 5","Alight - GSMA Bidi Bidi Zone 5",3.4766344,31.3890533
"Uganda","Bidi Bidi Zone 5","Ariwa 1",3.4766344,31.3890533
"Uganda","Bidi Bidi Zone 5","Ariwa 1 : ARC Group Activities - Community Services",3.4766344,31.3890533
"Uganda","Bidi Bidi Zone 5","Ariwa 1 : ARC Group Activities - Protection",3.4766344,31.3890533
"Uganda","Bidi Bidi Zone 5","Ariwa 1 : ARC Group Activities - WASH",3.4766344,31.3890533
"Uganda","Bidi Bidi Zone 5","Ariwa 1 : Community Pulse",3.4766344,31.3890533
"Uganda","Bidi Bidi Zone 5","Ariwa 1 motorized borehole",3.4766344,31.3890533
"Uganda","Bidi Bidi Zone 5","Ariwa 1 village 19 borehole",3.4766344,31.3890533
"Uganda","Bidi Bidi Zone 5","Ariwa 2 : ARC Group Activities - Community Services",3.4766344,31.3890533
"Uganda","Bidi Bidi Zone 5","Ariwa 2 : ARC Group Activities - Protection",3.4766344,31.3890533
"Uganda","Bidi Bidi Zone 5","Ariwa 2 : ARC Group Activities - WASH",3.4766344,31.3890533
"Uganda","Bidi Bidi Zone 5","Ariwa 2 : Community Pulse",3.4766344,31.3890533
"Uganda","Bidi Bidi Zone 5","Ariwa 2 A",3.4766344,31.3890533
"Uganda","Bidi Bidi Zone 5","Ariwa 2 B",3.4766344,31.3890533
"Uganda","Bidi Bidi Zone 5","Ariwa 2 Motorised Borehole",3.4766344,31.3890533
"Uganda","Bidi Bidi Zone 5","Ariwa 2 water point new site",3.4766344,31.3890533
"Uganda","Bidi Bidi Zone 5","Ariwa 2 Water Tank 177",3.4766344,31.3890533
"Uganda","Bidi Bidi Zone 5","Ariwa Kiranga paid for water point",3.4766344,31.3890533
"Uganda","Bidi Bidi Zone 5","Ariwa Reception center",3.4766344,31.3890533
"Uganda","Bidi Bidi Zone 5","Ayivu",3.4766344,31.3890533
"Uganda","Bidi Bidi Zone 5","Ayivu : ARC Group Activity - Community Services",3.4766344,31.3890533
"Uganda","Bidi Bidi Zone 5","Ayivu : ARC Group Activity - Protection",3.4766344,31.3890533
"Uganda","Bidi Bidi Zone 5","Ayivu : ARC Group Activity - WASH",3.4766344,31.3890533
"Uganda","Bidi Bidi Zone 5","Ayivu : Community Pulse",3.4766344,31.3890533
"Uganda","Bidi Bidi Zone 5","Bidi Bidi Zone 5: Education Pulse",3.4766344,31.3890533
"Uganda","Bidi Bidi Zone 5","Bidi Bidi Zone 5: Food Pulse",3.4766344,31.3890533
"Uganda","Bidi Bidi Zone 5","Bidi Bidi Zone 5: Health Care Pulse",3.4766344,31.3890533
"Uganda","Bidi Bidi Zone 5","Bidi Bidi Zone 5: Livelihoods Pulse",3.4766344,31.3890533
"Uganda","Bidi Bidi Zone 5","Bidi Bidi Zone 5: Protection Pulse",3.4766344,31.3890533
"Uganda","Bidi Bidi Zone 5","Bidi Bidi Zone 5: WASH Pulse",3.4766344,31.3890533
"Uganda","Bidi Bidi Zone 5","Borehole village 18 Ayivu",3.4766344,31.3890533
"Uganda","Bidi Bidi Zone 5","Community Pulse: Bidi Bidi Zone 5 - Phone Calling",3.4766344,31.3890533
"Uganda","Bidi Bidi Zone 5","Door to Door Water Ayivu",3.4766344,31.3890533
"Uganda","Bidi Bidi Zone 5","Door to Door Yangani Protection",3.4766344,31.3890533
"Uganda","Bidi Bidi Zone 5","Door to Door Yangani Water",3.4766344,31.3890533
"Uganda","Bidi Bidi Zone 5","Ombech Block A borehole",3.4766344,31.3890533
"Uganda","Bidi Bidi Zone 5","Ombech Block A motorised Borehole",3.4766344,31.3890533
"Uganda","Bidi Bidi Zone 5","Ombech Block B borehole",3.4766344,31.3890533
"Uganda","Bidi Bidi Zone 5","Ombechi",3.4766344,31.3890533
"Uganda","Bidi Bidi Zone 5","Ombechi : ARC Group Activities - Community Services",3.4766344,31.3890533
"Uganda","Bidi Bidi Zone 5","Ombechi : ARC Group Activities - Protection",3.4766344,31.3890533
"Uganda","Bidi Bidi Zone 5","Ombechi : ARC Group Activities - WASH",3.4766344,31.3890533
"Uganda","Bidi Bidi Zone 5","Ombechi : Community Pulse",3.4766344,31.3890533
"Uganda","Bidi Bidi Zone 5","Self - Swipe : Yangani 1 Village 12 Water Point B",3.4766344,31.3890533
"Uganda","Bidi Bidi Zone 5","Self - Swipe : Yangani 1 Village 2 Water point C",3.4766344,31.3890533
"Uganda","Bidi Bidi Zone 5","Self -Swipe : Yangani 1 Village 3 Water Point",3.4766344,31.3890533
"Uganda","Bidi Bidi Zone 5","Self-Swipe 	Ariwa 1 : ARC Group Activities - Protection",3.4766344,31.3890533
"Uganda","Bidi Bidi Zone 5","Self-Swipe Ariwa 1 : Community Pulse",3.4766344,31.3890533
"Uganda","Bidi Bidi Zone 5","Self-Swipe Ariwa 1 Protection",3.4766344,31.3890533
"Uganda","Bidi Bidi Zone 5","Self-Swipe Ariwa 2 : ARC Group Activities - Community Services",3.4766344,31.3890533
"Uganda","Bidi Bidi Zone 5","Self-Swipe Ariwa 2 : ARC Group Activities - Protection",3.4766344,31.3890533
"Uganda","Bidi Bidi Zone 5","Self-Swipe Ariwa 2 : ARC Group Activities - WASH",3.4766344,31.3890533
"Uganda","Bidi Bidi Zone 5","Self-Swipe Ariwa 2 : Community Pulse",3.4766344,31.3890533
"Uganda","Bidi Bidi Zone 5","Self-swipe Ariwa 2 Protection",3.4766344,31.3890533
"Uganda","Bidi Bidi Zone 5","Self-swipe Ariwa 2 Water",3.4766344,31.3890533
"Uganda","Bidi Bidi Zone 5","Self-Swipe Ayivu : ARC Group Activity - WASH",3.4766344,31.3890533
"Uganda","Bidi Bidi Zone 5","Self-Swipe Ayivu Protection",3.4766344,31.3890533
"Uganda","Bidi Bidi Zone 5","Self-Swipe Yangani : ARC Group Activities - Protection",3.4766344,31.3890533
"Uganda","Bidi Bidi Zone 5","Self-Swipe Yangani : ARC Group Activities - WASH",3.4766344,31.3890533
"Uganda","Bidi Bidi Zone 5","Self-Swipe Yangani : ARC Group Activity Community Services",3.4766344,31.3890533
"Uganda","Bidi Bidi Zone 5","Self-Swipe Yangani : Community Pulse",3.4766344,31.3890533
"Uganda","Bidi Bidi Zone 5","Self-swipe Yangani 1 Protection",3.4766344,31.3890533
"Uganda","Bidi Bidi Zone 5","Training Yumbe",3.4766344,31.3890533
"Uganda","Bidi Bidi Zone 5","Village 23 Borehole",3.4766344,31.3890533
"Uganda","Bidi Bidi Zone 5","Water  Tank 173",3.4766344,31.3890533
"Uganda","Bidi Bidi Zone 5","Water  Tank 186",3.4766344,31.3890533
"Uganda","Bidi Bidi Zone 5","Water  Tank 187",3.4766344,31.3890533
"Uganda","Bidi Bidi Zone 5","Water point A village 1 Yangani",3.4766344,31.3890533
"Uganda","Bidi Bidi Zone 5","Water point Tank 157 village 1 Yangani",3.4766344,31.3890533
"Uganda","Bidi Bidi Zone 5","Water point Tank 171 Ayivu",3.4766344,31.3890533
"Uganda","Bidi Bidi Zone 5","Water point Tank 175 Ayivu",3.4766344,31.3890533
"Uganda","Bidi Bidi Zone 5","Water point Tank 183 Ayivu",3.4766344,31.3890533
"Uganda","Bidi Bidi Zone 5","Water point Tank 184 village 23",3.4766344,31.3890533
"Uganda","Bidi Bidi Zone 5","Water point Tank 185 Village 22",3.4766344,31.3890533
"Uganda","Bidi Bidi Zone 5","Water Point Village 10 Yangani",3.4766344,31.3890533
"Uganda","Bidi Bidi Zone 5","Water point village 2 Yangani",3.4766344,31.3890533
"Uganda","Bidi Bidi Zone 5","Water Point Village 7 Yangani",3.4766344,31.3890533
"Uganda","Bidi Bidi Zone 5","Yangani : ARC Group Activities - Protection",3.4766344,31.3890533
"Uganda","Bidi Bidi Zone 5","Yangani : ARC Group Activities - WASH",3.4766344,31.3890533
"Uganda","Bidi Bidi Zone 5","Yangani : ARC Group Activity Community Services",3.4766344,31.3890533
"Uganda","Bidi Bidi Zone 5","Yangani : Community Pulse",3.4766344,31.3890533
"Uganda","Bidi Bidi Zone 5","Yangani 1 Village 10 Water Point",3.4766344,31.3890533
"Uganda","Bidi Bidi Zone 5","Yangani 1 Village 12 Water Point A",3.4766344,31.3890533
"Uganda","Bidi Bidi Zone 5","Yangani 1 Village 12 Water Point B",3.4766344,31.3890533
"Uganda","Bidi Bidi Zone 5","Yangani 1 Village 12 Water Point C",3.4766344,31.3890533
"Uganda","Bidi Bidi Zone 5","Yangani 1 Village 2 Water Point B",3.4766344,31.3890533
"Uganda","Bidi Bidi Zone 5","Yangani 1 Village 2 Water point C",3.4766344,31.3890533
"Uganda","Bidi Bidi Zone 5","Yangani 1 Village 3 Water Point",3.4766344,31.3890533
"Uganda","Bidi Bidi Zone 5","Yangani 1 Village 7 Water Point B",3.4766344,31.3890533
"Uganda","Bidi Bidi Zone 5","Yangani 2",3.4766344,31.3890533
"Uganda","Kyaka II","Bujubuli Zone",0.3601271,31.0791126
"Uganda","Kyaka II","Bukere Zone",0.3981473,31.0925267
"Uganda","Kyaka II","Buliti",0.4507452,30.9876321
"Uganda","Kyaka II","Bwiriza",0.3601271,31.0791126
"Uganda","Kyaka II","Byabakora Zone",0.46542165,31.05250465
"Uganda","Kyaka II","Community Pulse: Kyaka II - Phone Calling",0.46542165,31.05250465
"Uganda","Kyaka II","Itambabiniga",0.3601271,31.0791126
"Uganda","Kyaka II","Kaborogota",0.46542165,31.05250465
"Uganda","Kyaka II","Kakoni Zone",0.46542165,31.05250465
"Uganda","Kyaka II","Kyaka II: Education Pulse",0.4507452,31.0550093
"Uganda","Kyaka II","Kyaka II: Food Pulse",0.46542165,31.05250465
"Uganda","Kyaka II","Kyaka II: Health Care Pulse",0.46542165,31.05250465
"Uganda","Kyaka II","Kyaka II: Livelihoods Pulse",0.46542165,31.05250465
"Uganda","Kyaka II","Kyaka II: Protection Pulse",0.46542165,31.05250465
"Uganda","Kyaka II","Kyaka II: Shelter Pulse",0.4818193,31.0550093
"Uganda","Kyaka II","Kyaka II: WASH Pulse",0.7841032,31.3245642
"Uganda","Kyaka II","Kyaka ll : ARC Group Activities - Protection",0.46542165,31.05250465
"Uganda","Kyaka II","Matumaini",0.46542165,31.05250465
"Uganda","Kyaka II","Mukondo Zone",0.46542165,31.05250465
"Uganda","Kyaka II","Self - Swipe Kyaka ll : ARC Group Activities - Protection",0.46542165,31.05250465
"Uganda","Kyaka II","Self-Swipe Kyaka II - Community Pulse",0.46542165,31.05250465
"Uganda","Kyaka II","Sweswe Reception Centre",0.46542165,31.05250465
"Uganda","Kyaka II","Sweswe zone",0.46542165,31.05250465
"Uganda","Kyangwali Settlement","Community Pulse - Kyangwali Settlement",1.2210399,30.8183077
"Uganda","Kyangwali Settlement","Community Pulse: Kyangwali - Phone Calling",1.2210399,30.8183077
"Uganda","Kyangwali Settlement","Kagoma",1.2210399,30.8183077
"Uganda","Kyangwali Settlement","Kagoma Reception Center",1.1494551,30.7527105
"Uganda","Kyangwali Settlement","Kasonga",1.2210399,30.8183077
"Uganda","Kyangwali Settlement","Kavule",1.2210399,30.8183077
"Uganda","Kyangwali Settlement","Kentomi",1.2210399,30.8183077
"Uganda","Kyangwali Settlement","Kinakyeitaka",1.2210399,30.8183077
"Uganda","Kyangwali Settlement","Kirokole",1.2210399,30.8183077
"Uganda","Kyangwali Settlement","Kyangwali : ARC Group Activities - Protection",1.2210399,30.8183077
"Uganda","Kyangwali Settlement","Kyangwali: Education Pulse",1.2210399,30.8183077
"Uganda","Kyangwali Settlement","Kyangwali: Food Pulse",1.2210399,30.8183077
"Uganda","Kyangwali Settlement","Kyangwali: Health Care Pulse",1.2210399,30.8183077
"Uganda","Kyangwali Settlement","Kyangwali: Livelihoods Pulse",1.2210399,30.8183077
"Uganda","Kyangwali Settlement","Kyangwali: Protection Pulse",1.2210399,30.8183077
"Uganda","Kyangwali Settlement","Kyangwali: Shelter Pulse",1.2211187,30.8184605
"Uganda","Kyangwali Settlement","Kyangwali: WASH Pulse",1.2210399,30.8183077
"Uganda","Kyangwali Settlement","Kyebitaka",1.2210399,30.8183077
"Uganda","Kyangwali Settlement","Maratatu",1.2210399,30.8183077
"Uganda","Kyangwali Settlement","Marembo",1.2210399,30.8183077
"Uganda","Kyangwali Settlement","Mombasa",1.2210399,30.8183077
"Uganda","Kyangwali Settlement","Mukarange",1.2210399,30.8183077
"Uganda","Kyangwali Settlement","Mukunyu",0.6539032,30.5408624
"Uganda","Kyangwali Settlement","Musisa",1.2210399,30.8183077
"Uganda","Kyangwali Settlement","Ngurwe",1.2210399,30.8183077
"Uganda","Kyangwali Settlement","Nyambogo",1.2210399,30.8183077
"Uganda","Kyangwali Settlement","Nyamiganda",1.18788015,30.78336405
"Uganda","Kyangwali Settlement","Nyampindu",1.2210399,30.8183077
"Uganda","Kyangwali Settlement","Rwenyawawa",1.2210399,30.8183077
"Uganda","Kyangwali Settlement","Self - Swipe Kyangwali : ARC Group Activities - Protection",1.2210399,30.8183077
"Uganda","Kyangwali Settlement","Self-Swipe : Community Pulse - Kyangwali Settlement",1.2210399,30.8183077
"Uganda","Nakivale Base Camp","Base Camp",3.4698023,31.2461351
"Uganda","Nakivale Base Camp","Base Camp Community Awareness Protection",3.4698023,31.2461351
"Uganda","Nakivale Base Camp","Base Camp counseling  office",3.4698023,31.2461351
"Uganda","Nakivale Base Camp","Base Camp Training Protection",0.3374639,32.5891037
"Uganda","Nakivale Base Camp","Basecamp 1",3.4698023,31.2461351
"Uganda","Nakivale Base Camp","Community Pulse: Nakivale Base Camp",3.4698023,31.2461351
"Uganda","Nakivale Base Camp","Community Pulse: Nakivale Base Camp - Phone Calling",3.4698023,31.2461351
"Uganda","Nakivale Base Camp","Desta Church",3.4698023,31.2461351
"Uganda","Nakivale Base Camp","Door to Door Base Camp  GBV",3.4698023,31.2461351
"Uganda","Nakivale Base Camp","Door to Door Basecamp",3.4698023,31.2461351
"Uganda","Nakivale Base Camp","Ethiopia Water Point",0.319609,32.5891037
"Uganda","Nakivale Base Camp","Gambella Protection",3.4698023,31.2461351
"Uganda","Nakivale Base Camp","Gambella Water Point",3.4698023,31.2461351
"Uganda","Nakivale Base Camp","Holy Spirit Church Water Point",3.4698023,31.2461351
"Uganda","Nakivale Base Camp","Isangano Protection",3.4698023,31.2461351
"Uganda","Nakivale Base Camp","Isangano Water Point",3.4698023,31.2461351
"Uganda","Nakivale Base Camp","Kabazana A ( Near Church) Water Point",-0.7738656,30.9763385
"Uganda","Nakivale Base Camp","Kabazana A (near Reception Center) Water Point",-0.2160368,31.7853193
"Uganda","Nakivale Base Camp","Kabazana B Booster Water Point",3.4698023,31.2461351
"Uganda","Nakivale Base Camp","Kabazana Reception Center",-0.12856225,31.7853193
"Uganda","Nakivale Base Camp","Kabazana Valley",0.3409054,32.5943001
"Uganda","Nakivale Base Camp","Kasasa A Water Point",3.4698023,31.2461351
"Uganda","Nakivale Base Camp","Kashojwa B Catholic Church",0.26510095,31.336914
"Uganda","Nakivale Base Camp","Kuja Kuja Toll Free Line",3.4698023,31.2461351
"Uganda","Nakivale Base Camp","Kuja Kuja UNHCR Kampala office Presentation",3.4698023,31.2461351
"Uganda","Nakivale Base Camp","Misiera A Water Point",3.4698023,31.2461351
"Uganda","Nakivale Base Camp","Misiera B Water Point",3.4698023,31.2461351
"Uganda","Nakivale Base Camp","Nakivale Base Camp : ARC Group Activities - Protection",3.4698023,31.2461351
"Uganda","Nakivale Base Camp","Nakivale Base Camp: Education Pulse",0.3072534,32.5869073
"Uganda","Nakivale Base Camp","Nakivale Base Camp: Food Pulse",3.4698023,31.2461351
"Uganda","Nakivale Base Camp","Nakivale Base Camp: Health Care Pulse",3.4698023,31.2461351
"Uganda","Nakivale Base Camp","Nakivale Base Camp: Livelihoods Pulse",-0.5980299,30.6291167
"Uganda","Nakivale Base Camp","Nakivale Base Camp: Protection Pulse",3.4698023,31.2461351
"Uganda","Nakivale Base Camp","Nakivale Base Camp: Shelter Pulse",0.3169973,32.6204792
"Uganda","Nakivale Base Camp","Nakivale Base Camp: WASH Pulse",3.4698023,31.2461351
"Uganda","Nakivale Base Camp","New Congo Market",3.4698023,31.2461351
"Uganda","Nakivale Base Camp","New Hope Water Point",3.4698023,31.2461351
"Uganda","Nakivale Base Camp","Nyarugugu A Borehole",3.4698023,31.2461351
"Uganda","Nakivale Base Camp","Nyarugugu B Borehole",3.4698023,31.2461351
"Uganda","Nakivale Base Camp","Nyarugugu B Water Point",3.4698023,31.2461351
"Uganda","Nakivale Base Camp","Old Somali",3.4698023,31.2461351
"Uganda","Nakivale Base Camp","Self Swipe: Nakivale Base Camp-Community Pulse",3.4698023,31.2461351
"Uganda","Nakivale Base Camp","Somali (near Health Center) Water Point",3.4698023,31.2461351
"Uganda","Nakivale Base Camp","Somali Office",3.4698023,31.2461351
"Uganda","Nakivale Base Camp","Vision Church Water Point",0.770627,32.44360305
"Uganda","Nakivale Community Library & Learning Center","Nakivale Community Library Network",47.716307,-116.9485517
"Uganda","Nakivale Community Library & Learning Center","Nakivale Learning Center",47.716307,-116.9485517
"Uganda","Nakivale Juru","Community Pulse: Nakivale Juru",-0.8210238,30.9276019
"Uganda","Nakivale Juru","Door to Door Juru",-0.8210238,30.9276019
"Uganda","Nakivale Juru","Door to Door Juru GBV",-0.8210238,30.9276019
"Uganda","Nakivale Juru","Isanja A",-0.8210238,30.9276019
"Uganda","Nakivale Juru","Isanja A Borehole",-0.8210238,30.9276019
"Uganda","Nakivale Juru","Isanja B",-0.8210238,30.9276019
"Uganda","Nakivale Juru","Isanja C",-0.8210238,30.9276019
"Uganda","Nakivale Juru","Juru A",-0.8210238,30.9276019
"Uganda","Nakivale Juru","Juru A FDP",-0.8210238,30.9276019
"Uganda","Nakivale Juru","Juru C",-0.8210238,30.9276019
"Uganda","Nakivale Juru","Juru Center",-0.8210238,30.9276019
"Uganda","Nakivale Juru","Juru D",-0.8210238,30.9276019
"Uganda","Nakivale Juru","Juru D Protection",-0.8210238,30.9276019
"Uganda","Nakivale Juru","Juru Office",-0.8210238,30.9276019
"Uganda","Nakivale Juru","Kabahinda B Protection",-0.8210238,30.9276019
"Uganda","Nakivale Juru","Kabahinda C",-0.8210238,30.9276019
"Uganda","Nakivale Juru","Kabahinda D Tap1",-0.8210238,30.9276019
"Uganda","Nakivale Juru","Kabahinda D Tap2",-0.8210238,30.9276019
"Uganda","Nakivale Juru","Kabahinda D Tap3",-0.8210238,30.9276019
"Uganda","Nakivale Juru","Kajurungutsi Borehole",-0.8210238,30.9276019
"Uganda","Nakivale Juru","Kakoma",-0.8210238,30.9276019
"Uganda","Nakivale Juru","Kankingi A",-0.8210238,30.9276019
"Uganda","Nakivale Juru","Kankingi B",-0.8210238,30.9276019
"Uganda","Nakivale Juru","Kankingi B Hill",-0.8210238,30.9276019
"Uganda","Nakivale Juru","Kankingi C",-0.8210238,30.9276019
"Uganda","Nakivale Juru","Kankingi D Borehole",-0.8210238,30.9276019
"Uganda","Nakivale Juru","Kankingi E",-0.8210238,30.9276019
"Uganda","Nakivale Juru","Kankingi E road",-0.8210238,30.9276019
"Uganda","Nakivale Juru","Katwenje Borehole",-0.8210238,30.9276019
"Uganda","Nakivale Juru","Kazya",-0.8210238,30.9276019
"Uganda","Nakivale Juru","Kyakabindi Road Borehole",-0.8210238,30.9276019
"Uganda","Nakivale Juru","Nakivale Juru : ARC Group Activities - Protection",-0.8210238,30.9276019
"Uganda","Nakivale Juru","Nakivale Juru: Education Pulse",-0.8210238,30.9276019
"Uganda","Nakivale Juru","Nakivale Juru: Food Pulse",-0.8210238,30.9276019
"Uganda","Nakivale Juru","Nakivale Juru: Health Care Pulse",-0.8210238,30.9276019
"Uganda","Nakivale Juru","Nakivale Juru: Livelihoods Pulse",-0.8210238,30.9276019
"Uganda","Nakivale Juru","Nakivale Juru: Protection Pulse",-0.8210238,30.9276019
"Uganda","Nakivale Juru","Nakivale Juru: Shelter Pulse",-0.8210238,30.9276019
"Uganda","Nakivale Juru","Nakivale Juru: WASH Pulse",0.3255105,32.60367055
"Uganda","Nakivale Juru","Ngarama A",-0.8210238,30.9276019
"Uganda","Nakivale Juru","Ngarama A Valley",-0.8210238,30.9276019
"Uganda","Nakivale Juru","Ngarama B",-0.8210238,30.9276019
"Uganda","Nakivale Juru","Ngarama C",-0.8210238,30.9276019
"Uganda","Nakivale Juru","Saza",-0.8210238,30.9276019
"Uganda","Nakivale Juru","Saza A",-0.8210238,30.9276019
"Uganda","Nakivale Juru","Saza Protection",-0.8210238,30.9276019
"Uganda","Nakivale Juru","Self Swipe: Juru-Community Pulse",-0.8210238,30.9276019
"Uganda","Nakivale Rubondo","Community Pulse: Nakivale Rubondo",-0.7017325,31.059975
"Uganda","Nakivale Rubondo","Door to Door  Rubondo GBV",-0.7017325,31.059975
"Uganda","Nakivale Rubondo","Door to Door Rubondo",-0.7017325,31.059975
"Uganda","Nakivale Rubondo","Kabwera A",-0.7017325,31.059975
"Uganda","Nakivale Rubondo","Kabwera A Host Community",-0.7017325,31.059975
"Uganda","Nakivale Rubondo","Kabwera B",-0.7017325,31.059975
"Uganda","Nakivale Rubondo","Kabwera Borehole 2",-0.7017325,31.059975
"Uganda","Nakivale Rubondo","Karintima A",-0.7017325,31.059975
"Uganda","Nakivale Rubondo","Karintima A Borehole",-0.7017325,31.059975
"Uganda","Nakivale Rubondo","Karintima B",-0.7017325,31.059975
"Uganda","Nakivale Rubondo","Karintima B Borehole",-0.7017325,31.059975
"Uganda","Nakivale Rubondo","Karintima C Borehole",-0.7017325,31.059975
"Uganda","Nakivale Rubondo","Kashale Borehole",-0.7017325,31.059975
"Uganda","Nakivale Rubondo","Kisura B",-0.7017325,31.059975
"Uganda","Nakivale Rubondo","Kisura C",-0.7017325,31.059975
"Uganda","Nakivale Rubondo","Kyeibale B",-0.7017325,31.059975
"Uganda","Nakivale Rubondo","Kyeibare C",-0.7017325,31.059975
"Uganda","Nakivale Rubondo","Mirambira B",-0.7017325,31.059975
"Uganda","Nakivale Rubondo","Nakivale Rubondo : ARC Group Activities - Protection",-0.7017325,31.059975
"Uganda","Nakivale Rubondo","Nakivale Rubondo: Food Pulse",-0.7017325,31.059975
"Uganda","Nakivale Rubondo","Nakivale Rubondo: Livelihood Pulse",-0.7017325,31.059975
"Uganda","Nakivale Rubondo","Nakivale Rubondo: Protection Pulse",-0.7017325,31.059975
"Uganda","Nakivale Rubondo","Nakivale Rubondo: Shelter Pulse",-0.7017325,31.059975
"Uganda","Nakivale Rubondo","Nakivale Rubondo: WASH Pulse",-0.7017325,31.059975
"Uganda","Nakivale Rubondo","Nyakagando A Food Distribution",-0.7017325,31.059975
"Uganda","Nakivale Rubondo","Nyakagando A Road",-0.7017325,31.059975
"Uganda","Nakivale Rubondo","Rubondo A",-0.7017325,31.059975
"Uganda","Nakivale Rubondo","Rubondo B Borehole",-0.7017325,31.059975
"Uganda","Nakivale Rubondo","Rubondo Protection",-0.7017325,31.059975
"Uganda","Nakivale Rubondo","Ruhoko A",-0.7017325,31.059975
"Uganda","Nakivale Rubondo","Ruhoko B Kesenene",-0.7017325,31.059975
"Uganda","Nakivale Rubondo","Rwoma A",-0.7017325,31.059975
"Uganda","Nakivale Rubondo","Rwoma B Water Tank",-0.7017325,31.059975
"Uganda","Nakivale Rubondo","Self-Swipe Kisura Center : Community Pulse",-0.7017325,31.059975
"Uganda","Oruchinga","Busheka Zone",-0.9265636,30.755086
"Uganda","Oruchinga","Community Pulse: Oruchinga - Phone Calling",-0.9265636,30.755086
"Uganda","Oruchinga","Kazinga Zone",-0.9265636,30.755086
"Uganda","Oruchinga","Kifunjo Zone",-0.9265636,30.755086
"Uganda","Oruchinga","Michinga Zone",-0.9265636,30.755086
"Uganda","Oruchinga","Oruchinga : ARC Group Activities - Protection",-0.9265636,30.755086
"Uganda","Oruchinga","Oruchinga: Education Pulse",-0.9265636,30.755086
"Uganda","Oruchinga","Oruchinga: Food Pulse",-0.9265636,30.755086
"Uganda","Oruchinga","Oruchinga: Health Care Pulse",-0.9265636,30.755086
"Uganda","Oruchinga","Oruchinga: Livelihood Pulse",-0.9265636,30.755086
"Uganda","Oruchinga","Oruchinga: Protection Pulse",-0.9265636,30.755086
"Uganda","Oruchinga","Oruchinga: Shelter Pulse",-0.9265636,30.755086
"Uganda","Oruchinga","Oruchinga: WASH Pulse",-0.9265636,30.755086
"Uganda","Oruchinga","Rulongo Zone",-0.9265636,30.755086
"Uganda","Palabek","Community Pulse - Palabek Zone 1",3.4360759,32.5839333
"Uganda","Palabek","Community Pulse - Palabek Zone 2",3.4360759,32.5839333
"Uganda","Palabek","Community Pulse - Palabek Zone 3",3.4360759,32.5839333
"Uganda","Palabek","Community Pulse - Palabek Zone 4",3.4360759,32.5839333
"Uganda","Palabek","Community Pulse - Palabek Zone 5A",3.4360759,32.5839333
"Uganda","Palabek","Community Pulse - Palabek Zone 5B",3.4360759,32.5839333
"Uganda","Palabek","Community Pulse: Palabek",3.4360759,32.5839333
"Uganda","Palabek","Community Pulse: Palabek - Phone Calling",3.4360759,32.5839333
"Uganda","Palabek","Kuja Kuja Coin",3.4360759,32.5839333
"Uganda","Palabek","Palabek Base Camp",3.4360759,32.5839333
"Uganda","Palabek","Palabek Zone 1",3.4360759,32.5839333
"Uganda","Palabek","Palabek Zone 2",3.4360759,32.5839333
"Uganda","Palabek","Palabek Zone 3",3.4360759,32.5839333
"Uganda","Palabek","Palabek Zone 4",3.4360759,32.5839333
"Uganda","Palabek","Palabek Zone 5 A",3.4360759,32.5839333
"Uganda","Palabek","Palabek Zone 5 B",3.4360759,32.5839333
"Uganda","Palabek","Palabek Zone 6",3.4360759,32.5839333
"Uganda","Palabek","Palabek Zone 7",3.4360759,32.5839333
"Uganda","Palabek","Palabek: Education Pulse",3.4439835,32.5825996
"Uganda","Palabek","Palabek: Food Pulse",3.4360759,32.5839333
"Uganda","Palabek","Palabek: Health Care Pulse",3.4360759,32.5839333
"Uganda","Palabek","Palabek: Livelihood Pulse",3.4360759,32.5839333
"Uganda","Palabek","Palabek: MHPSS Pulse",3.4360759,32.5839333
"Uganda","Palabek","Palabek: Protection Pulse",3.4360759,32.5839333
"Uganda","Palabek","Palabek: Shelter Pulse",0.3536283,32.5781121
"Uganda","Palabek","Palabek: WASH Pulse",3.4360759,32.5839333
"Uganda","Palabek","Training Kal",3.4360759,32.5839333
"Uganda","Palabek","Zone 1: ARC Group Activities-Protection",3.4360759,32.5839333
"Uganda","Palabek","Zone 2: ARC Group Activities-Protection",3.4360759,32.5839333
"Uganda","Palabek","Zone 3: ARC Group Activities-Protection",3.4360759,32.5839333
"Uganda","Palabek","Zone 4:  ARC Group Activities-Protection",3.4360759,32.5839333
"Uganda","Palabek","Zone 5A:ARC Group Activities-Protection",3.4360759,32.5839333
"Uganda","Palabek","Zone 5B: ARC Group Activities-Protection",3.4360759,32.5839333
"Uganda","Palabek","Zone 6:ARC Group Activities-Protection",3.4360759,32.5839333
"Uganda","Palabek","Zone 7:ARC Group Activities-Protection",3.4360759,32.5839333
